xmin;ymin;xmax;ymax;confidence;class;name;filename
190.9295196533203;194.0436248779297;481.02593994140625;476.69049072265625;0.41970810294151306;0;helmets;frame27062023164454.jpg
364.5553894042969;208.61532592773438;472.6783142089844;398.4375915527344;0.29733970761299133;0;hoodie;frame27062023164454.jpg
562.876220703125;0.0;639.2921142578125;95.24153137207031;0.2962498068809509;0;hoodie;frame27062023164454.jpg
66.25799560546875;202.76234436035156;482.21063232421875;480.0;0.32109010219573975;0;person;frame27062023164454.jpg
