xmin;ymin;xmax;ymax;confidence;class;name;filename
177.1197052001953;13.058990478515625;461.3240966796875;296.04913330078125;0.28688207268714905;0;person;robber3.jpg
